node,degree,degree_rank,betweenness,betweenness_rank,eigenvector,eigenvector_rank,papers,papers_rank
A CRAIG MACKINLAY,2,187,,,,,1,310
A JORGE PADILLA,1,578,,,,,1,310
ABHAY ABHYANKAR,1,578,,,,,1,310
ABRAHAM LIOUI,0,1039,,,,,1,310
ACHIM MACHAUER,1,578,,,,,1,310
ADRIAN R FLEISSIG,1,578,,,,,2,110
AHMET BAYTAS,1,578,,,,,1,310
AIGBE AKHIGBE,2,187,,,,,2,110
AJAI K SINGH,2,187,,,,,2,110
AJAY A PATIL,1,578,,,,,1,310
AJAY KHORANA,1,578,,,,,1,310
AJAY PATEL,2,187,,,,,2,110
ALAN C HESS,1,578,,,,,1,310
ALAN C STOCKMAN,1,578,,,,,2,110
ALBERT S KYLE,1,578,,,,,1,310
ALEJANDRO BALBAS,1,578,,,,,1,310
ALEX D PATELIS,0,1039,,,,,1,310
ALEX FRINO,3,76,,,,,1,310
ALEXANDER KEMPF,1,578,,,,,1,310
ALFREDO IBANEZ,1,578,,,,,1,310
ALISON DUNNING,1,578,,,,,1,310
ALLAN C EBERHART,2,187,0.0,11,0.05147868668363674,20,1,310
ALLAN TIMMERMANN,2,187,,,,,1,310
ALLAUDEEN S HAMEED,2,187,,,,,1,310
ALLEN B ATKINS,1,578,,,,,1,310
ALLEN M WEISS,1,578,,,,,1,310
ALLEN N BERGER,7,3,0.6754032258064516,1,0.38727950980103226,2,5,5
ALOK KUMAR,2,187,,,,,1,310
ALOKE GHOSH,1,578,,,,,1,310
ALON BRAV,1,578,,,,,1,310
AMADO PEIRO,0,1039,,,,,1,310
AMAR GANDE,3,76,0.0,11,0.24639560144575273,5,2,110
ANAND M VIJH,1,578,,,,,2,110
ANANTH MADHAVAN,8,2,,,,,7,1
ANASTASIOS G MALLIARIS,1,578,,,,,1,310
ANDERS LOFLUND,2,187,,,,,1,310
ANDREA RESTI,0,1039,,,,,1,310
ANDREAS HACKETHAL,2,187,,,,,1,310
ANDREI SHLEIFER,5,13,,,,,6,3
ANDREW CAPLIN,2,187,,,,,1,310
ANDREW D CLARE,4,35,,,,,3,35
ANDREW H CHEN,1,578,,,,,1,310
ANDREW METRICK,0,1039,,,,,1,310
ANDREW W LO,1,578,,,,,1,310
ANDREW WINTON,2,187,,,,,3,35
ANDY LUCHUAN LIU,2,187,,,,,1,310
ANDY NARANJO,2,187,,,,,1,310
ANIL K KASHYAP,0,1039,,,,,1,310
ANIL K MAKHIJA,3,76,,,,,2,110
ANIL SHIVDASANI,4,35,,,,,3,35
ANJAN V THAKOR,4,35,,,,,6,3
ANNA J SCHWARTZ,0,1039,,,,,1,310
ANNAMARIA LUSARDI,2,187,,,,,1,310
ANNETTE B POULSEN,1,578,,,,,1,310
ANREW A SAMWICK,1,578,,,,,1,310
ANTHONY J RICHARDS,0,1039,,,,,1,310
ANTHONY M SANTOMERO,2,187,,,,,3,35
ANTHONY NEUBERGER,2,187,,,,,2,110
ANTHONY SAUNDERS,10,1,0.6149193548387096,2,0.5521532458623093,1,7,1
ANTHONY W LYNCH,2,187,,,,,2,110
ANTHONY YATES,2,187,,,,,1,310
ANTONELLA FOGLIA,3,76,,,,,2,110
ANTONIO E BERNARDO,1,578,,,,,1,310
ANTONIO ROMA,1,578,,,,,1,310
ANTONIO S MELLO,1,578,,,,,1,310
ANTREAS D ANTHANASSOPOULOS,0,1039,,,,,1,310
ANUP AGRAWAL,1,578,,,,,1,310
APOSTOLOS SERLETIS,1,578,,,,,1,310
ARCHANA HINGORANI,2,187,,,,,1,310
ARGIA SBORDONE,0,1039,,,,,1,310
ARNOUD WA BOOT,3,76,,,,,5,5
ARTHUR J KEOWN,3,76,,,,,1,310
ARTUR RAVIV,1,578,,,,,1,310
ARUN J PRAKASH,3,76,,,,,1,310
ASHISH NANDA,1,578,,,,,1,310
ASLI DEMIRGUC-KUNT,1,578,,,,,2,110
ASSEM SAFIEDDINE,1,578,,,,,1,310
ASWATH DAMODARAN,2,187,,,,,1,310
ATUL GUPTA,2,187,,,,,1,310
ATULYA SARIN,4,35,,,,,4,15
AVANIDHAR SUBRAHMANYAM,5,13,,,,,3,35
AVI WOHL,2,187,,,,,1,310
AVNER KALAY,2,187,,,,,2,110
AVRAHAM KAMARA,0,1039,,,,,1,310
B ESPEN ECKBO,3,76,,,,,2,110
BARBARA OSTDIEK,2,187,,,,,1,310
BARRY SCHACHTER,2,187,,,,,1,310
BARRY WILLIAMS,0,1039,,,,,1,310
BEN J SOPRANZETTI,2,187,,,,,1,310
BEN LOCKWOOD,1,578,,,,,2,110
BEN S BERNANKE,1,578,,,,,1,310
BENEDICTE ALZIARY,2,187,,,,,1,310
BENI LAUTERBACH,2,187,,,,,1,310
BENJAMIN BENTAL,1,578,,,,,1,310
BENJAMIN C ESTY,2,187,,,,,4,15
BENNETT T MCCALLUM,1,578,,,,,1,310
BENT J CHRISTENSEN,1,578,,,,,1,310
BERNADETTE A MINTON,2,187,,,,,3,35
BERNARD DUMAS,2,187,,,,,1,310
BERNARD S BLACK,1,578,,,,,1,310
BERNT ARNE ODEGAARD,1,578,,,,,1,310
BERRY K WILSON,2,187,0.0625,9,0.1378617985363274,12,2,110
BERTHOLD HERRENDORF,1,578,,,,,1,310
BETTINA PEIERS,0,1039,,,,,1,310
BHANU NARASIMHAN,2,187,,,,,1,310
BHARAT A JAIN,1,578,,,,,1,310
BHASKARAN SWAMINATHAN,2,187,,,,,1,310
BIN GAO,2,187,,,,,2,110
BONG SOO LEE,2,187,,,,,2,110
BONG-CHAN KHO,2,187,,,,,1,310
BONNIE F VAN NESS,2,187,,,,,1,310
BRAD M BARBER,2,187,,,,,3,35
BRADFORD CORNELL,1,578,,,,,1,310
BRADFORD D JORDAN,2,187,,,,,2,110
BRENT W AMBROSE,2,187,,,,,1,310
BRIAN F SMITH,5,13,,,,,2,110
BRIAN PRUCYK,1,578,,,,,1,310
BRUCE CHAMP,2,187,,,,,1,310
BRUCE D SMITH,3,76,,,,,3,35
BRUNO BIAIS,2,187,,,,,2,110
BRUNO GERARD,1,578,,,,,2,110
BRUNO M PARIGI,1,578,,,,,1,310
BRYAN R ROUTLEDGE,0,1039,,,,,1,310
BRYCE KANAGO,1,578,,,,,1,310
BURTON HOLLIFIELD,3,76,,,,,2,110
C MITCHELL CONOVER,2,187,,,,,1,310
C WILLIAM SEALEY,1,578,,,,,1,310
CA KNOX LOVELL,2,187,,,,,1,310
CAMPBELL R HARVEY,2,187,,,,,3,35
CARL ACKERMANN,2,187,,,,,1,310
CARL R CHEN,2,187,,,,,1,310
CARLO A FAVERO,3,76,,,,,3,35
CARLOS FELIPE JARAMILLO,0,1039,,,,,1,310
CARLOS OCANA,1,578,,,,,1,310
CARLOS P MAQUIEIRA,2,187,,,,,1,310
CAROLINE FOHLIN,0,1039,,,,,1,310
CAROLYN SPENCER,2,187,,,,,1,310
CAROLYN W CHANG,2,187,,,,,1,310
CASEY B MULLIGAN,1,578,,,,,1,310
CATHERINE CASAMATTA,1,578,,,,,1,310
CATHERINE ECKEL,2,187,,,,,1,310
CATHERINE M SCHRAND,3,76,,,,,3,35
CHANG-JIN KIM,2,187,,,,,2,110
CHARLES A CAPONE,2,187,,,,,1,310
CHARLES A TRZCINKA,3,76,,,,,2,110
CHARLES BRAM CADSBY,2,187,,,,,1,310
CHARLES CAO,4,35,,,,,2,110
CHARLES E WASLEY,1,578,,,,,1,310
CHARLES ENGEL,1,578,,,,,1,310
CHARLES FREEMAN,2,187,,,,,1,310
CHARLES J CORRADO,1,578,,,,,1,310
CHARLES J HADLOCK,2,187,,,,,1,310
CHARLES L EVANS,1,578,,,,,1,310
CHARLES L WEISE,0,1039,,,,,1,310
CHARLES M JONES,3,76,,,,,2,110
CHARLES M KAHN,4,35,,,,,4,15
CHARLES MC LEE,2,187,,,,,1,310
CHARLES NOLAN,2,187,,,,,1,310
CHARLES P HIMMELBERG,2,187,,,,,1,310
CHARLES R KNOEBER,1,578,,,,,1,310
CHARLES R NELSON,1,578,,,,,1,310
CHARLES R SCHNITZLEIN,1,578,,,,,1,310
CHARLES W CALOMIRIS,0,1039,,,,,3,35
CHARLIE CHAROENWONG,2,187,,,,,1,310
CHEE K NG,2,187,,,,,1,310
CHESTER S SPATT,1,578,,,,,1,310
CHIH-LING TSAI,2,187,,,,,1,310
CHOON-GEOL MOON,3,76,0.0,11,0.06482351831123545,16,1,310
CHRIS KIRBY,2,187,,,,,3,35
CHRIS VELD,1,578,,,,,1,310
CHRISTIAN GILLES,1,578,,,,,1,310
CHRISTIAN GOLLIER,1,578,,,,,1,310
CHRISTINE A MCCLATCHEY,1,578,,,,,1,310
CHRISTINE A PARLOUR,0,1039,,,,,1,310
CHRISTOPHER C GECZY,2,187,,,,,1,310
CHRISTOPHER G LAMOUREAUX,1,578,,,,,1,310
CHRISTOPHER J MUSCARELLA,1,578,,,,,1,310
CHRISTOPHER L HANES,0,1039,,,,,1,310
CHRISTOPHER M JAMES,2,187,,,,,2,110
CHRISTOPHER M TURNER,1,578,,,,,1,310
CHRISTOPHER W ANDERSON,1,578,,,,,2,110
CHU ZHANG,1,578,,,,,2,110
CHUL WOO PARK,0,1039,,,,,1,310
CHUN CHANG,2,187,,,,,1,310
CHYHE ESTHER KIM,0,1039,,,,,1,310
CLARENCE CY KWAN,0,1039,,,,,1,310
CLAUDIO D'AURIA,2,187,,,,,1,310
CLAUDIO LODERER,1,578,,,,,1,310
CLIFFORD A BALL,1,578,,,,,1,310
CLIFFORD G HOLDERNESS,2,187,,,,,1,310
CLIFFORD P STEPHENS,1,578,,,,,1,310
CLIFFORD W SMITH,3,76,,,,,2,110
COLIN MAYER,1,578,,,,,1,310
CONNIE BECKER,3,76,,,,,1,310
CORNELIS A LOS,0,1039,,,,,1,310
CRAIG G DUNBAR,0,1039,,,,,1,310
CRAIG H FURFINE,1,578,,,,,1,310
CRAIG M LEWIS,3,76,,,,,2,110
CRAIG R BROWN,3,76,,,,,1,310
CROCKER H LIU,2,187,,,,,1,310
CYNTHIA J CAMPBELL,3,76,,,,,2,110
CYNTHIA VAN HULLE,1,578,,,,,1,310
D ALASDAIR S TURNBULL,3,76,,,,,1,310
D BRUCE JOHNSEN,1,578,,,,,1,310
D KATHERINE SPIESS,2,187,,,,,2,110
D NATHAN SHEETS,1,578,,,,,1,310
DAG MICHALSEN,2,187,,,,,1,310
DAN BERNHARDT,1,578,,,,,1,310
DAN KOVENOCK,1,578,,,,,1,310
DANIEL ASQUITH,2,187,,,,,1,310
DANIEL C INDRO,2,187,,,,,1,310
DANIEL G WEAVER,1,578,,,,,1,310
DANIEL L THORNTON,0,1039,,,,,1,310
DANIEL LEVY,4,35,,,,,2,110
DANIEL M GROPPER,2,187,,,,,1,310
DANIEL RODRIGUEZ,2,187,,,,,2,110
DARIUS P MILLER,0,1039,,,,,1,310
DARIUS PALIA,2,187,,,,,2,110
DARREL LEE,2,187,,,,,1,310
DAVID A CARTER,1,578,,,,,1,310
DAVID A CATHER,1,578,,,,,1,310
DAVID A CHAPMAN,2,187,,,,,2,110
DAVID A GUENTHER,1,578,,,,,1,310
DAVID A HIRSHLEIFER,2,187,,,,,1,310
DAVID A HSIEH,1,578,,,,,1,310
DAVID A LESMOND,2,187,,,,,1,310
DAVID A MARSHALL,3,76,,,,,2,110
DAVID B HUMPHREY,3,76,,,,,3,35
DAVID C LING,1,578,,,,,1,310
DAVID C PORTER,1,578,,,,,1,310
DAVID C SMITH,1,578,,,,,1,310
DAVID C WHEELOCK,1,578,,,,,1,310
DAVID CHAPPELL,1,578,,,,,1,310
DAVID E LAIDLER,1,578,,,,,1,310
DAVID E WEINSTEIN,1,578,,,,,1,310
DAVID EASLEY,3,76,,,,,2,110
DAVID F LARCKER,2,187,,,,,1,310
DAVID G MAYES,2,187,,,,,2,110
DAVID H MYERS,3,76,,,,,1,310
DAVID J DENIS,2,187,,,,,3,35
DAVID K MUSTO,0,1039,,,,,2,110
DAVID L YERMACK,3,76,,,,,3,35
DAVID LANDO,2,187,,,,,1,310
DAVID MARCUS,2,187,,,,,1,310
DAVID P BROWN,1,578,,,,,1,310
DAVID R KUIPERS,1,578,,,,,1,310
DAVID RAVENSCRAFT,2,187,,,,,1,310
DAVID S BATES,1,578,,,,,1,310
DAVID S BIZER,1,578,,,,,1,310
DEAN F AMEL,1,578,,,,,1,310
DEBRA A GLASSMAN,2,187,,,,,1,310
DENNIS E LOGUE,1,578,,,,,1,310
DENNIS J LASSER,2,187,,,,,1,310
DENNIS P SHEEHAN,2,187,,,,,1,310
DENNIS Y CHUNG,1,578,,,,,1,310
DIANA HANCOCK,2,187,,,,,3,35
DIANE DELGUERCIO,1,578,,,,,1,310
DIANE K DENIS,2,187,,,,,2,110
DIANE SCOTT DOCKING,2,187,,,,,1,310
DIANNE M RODEN,2,187,,,,,1,310
DIDIER COSSIN,1,578,,,,,1,310
DIETER NAUTZ,0,1039,,,,,1,310
DIETER SONDERMANN,2,187,,,,,1,310
DIETMAR HARHOFF,1,578,,,,,1,310
DIMITRI KARAMANIS,1,578,,,,,1,310
DIMITRI VAYANOS,0,1039,,,,,1,310
DIRK BERGEMANN,1,578,,,,,1,310
DOMENICO CUOCO,1,578,,,,,1,310
DONALD B KEIM,1,578,,,,,2,110
DONALD H DUTKOWSKY,0,1039,,,,,1,310
DONALD J BOUDREAUX,1,578,,,,,1,310
DONALD P MORGAN,0,1039,,,,,1,310
DONALD R FRASER,5,13,,,,,3,35
DONALD R VAN DEVENTER,1,578,,,,,1,310
DONG-HYUN AHN,4,35,,,,,2,110
DOUG ECKEL,2,187,,,,,1,310
DOUGLAS FISHER,1,578,,,,,1,310
DOUGLAS GALE,1,578,,,,,2,110
DOUGLAS M PATTERSON,1,578,,,,,1,310
DOUGLAS T BREEDEN,1,578,,,,,1,310
DOUGLAS W ELMENDORF,2,187,,,,,1,310
DUANE J SEPPI,0,1039,,,,,1,310
EDITH S HOTCHKISS,1,578,,,,,2,110
EDUARDO S SCHWARTZ,0,1039,,,,,1,310
EDWARD A DYL,1,578,,,,,1,310
EDWARD C PRESCOTT,1,578,,,,,1,310
EDWARD F BUFFIE,0,1039,,,,,1,310
EDWARD I ALTMAN,3,76,0.2721774193548387,4,0.15683294916066146,10,3,35
EDWARD J KANE,1,578,0.0,11,0.03250753605930268,24,2,110
EDWARD L GLAESER,1,578,,,,,1,310
EDWARD NELSON,1,578,,,,,1,310
EDWARD S O'NEAL,2,187,,,,,1,310
EDWIN G WEST,0,1039,,,,,1,310
EDWIN J ELTON,2,187,,,,,3,35
ELAINE JONES,2,187,,,,,1,310
ELAZAR BERKOVITCH,1,578,,,,,1,310
ELI M REMOLONA,1,578,,,,,1,310
ELI OFEK,2,187,,,,,2,110
ELIAKIM KATZ,1,578,,,,,1,310
ELIAS TZAVALIS,1,578,,,,,1,310
ELIEZER Z PRISMAN,1,578,,,,,1,310
ELINOR HARRIS SOLOMON,0,1039,,,,,1,310
ELIZABETH GOLDREYER,1,578,,,,,1,310
ELROY DIMSON,2,187,,,,,2,110
ELYAS ELYASIANI,1,578,,,,,1,310
EMIL M DABORA,1,578,,,,,1,310
ERIC C CHANG,4,35,,,,,3,35
ERIC GHYSELS,0,1039,,,,,1,310
ERIC HUGHSON,1,578,,,,,1,310
ERIC S ROSENGREN,2,187,,,,,2,110
ERIK LIE,1,578,,,,,1,310
ERIK R SIRRI,1,578,,,,,1,310
ERNST BALTENSPERGER,1,578,,,,,1,310
ERNST MAUG,0,1039,,,,,1,310
ERNST-LUDWIG VON THADDEN,1,578,,,,,2,110
ERZO GJ LUTTMER,3,76,,,,,1,310
ESTELA PATINO GORBEA,2,187,,,,,1,310
EUGENE F FAMA,1,578,,,,,5,5
EUGENE KANDEL,5,13,,,,,5,5
EVA LILJEBLOM,2,187,,,,,1,310
F ALBERT WANG,1,578,,,,,1,310
F DOUGLAS FOSTER,2,187,,,,,1,310
FABIO PANETTA,2,187,,,,,1,310
FAITH KASIRYE,2,187,,,,,1,310
FATMA LAJERI,1,578,,,,,1,310
FEDERICO M BANDI,5,13,,,,,2,110
FELIX LIM,2,187,,,,,1,310
FERNANDO ZAPATERO,1,578,,,,,1,310
FLORENCIO LOPEZ-DE-SILANES,3,76,,,,,2,110
FRANCO VARETTO,0,1039,,,,,1,310
FRANCOIS M LONGIN,0,1039,,,,,1,310
FRANCOIS R VELDE,1,578,,,,,1,310
FRANK M HATHEWAY,2,187,,,,,1,310
FRANK PACKER,1,578,,,,,1,310
FRANK S SKINNER,2,187,,,,,2,110
FRANKLIN ALLEN,3,76,,,,,4,15
FRANS A DE ROON,1,578,,,,,1,310
FRED A TARPLEY,1,578,,,,,1,310
FREDERIC S MISHKIN,0,1039,,,,,2,110
FREDERICK H DARK,2,187,,,,,1,310
FWU-RANQ CHANG,0,1039,,,,,1,310
G ANDREW KAROLYI,2,187,,,,,2,110
G GEOFFREY BOOTH,2,187,,,,,1,310
G THOMAS WOODWARD,1,578,,,,,1,310
GABRIELA F DEL ANGEL,2,187,,,,,1,310
GAIL E MAKINEN,1,578,,,,,1,310
GAILEN L HITE,1,578,,,,,1,310
GARETH MORGAN,1,578,,,,,1,310
GARY B GORTON,2,187,,,,,2,110
GARY D HANSEN,1,578,,,,,1,310
GAUTAM JAIN,1,578,,,,,1,310
GAUTAM KAUL,1,578,,,,,1,310
GEERT BEKAERT,3,76,,,,,2,110
GENE C LAI,2,187,,,,,1,310
GEORGE BITTLINGMAYER,0,1039,,,,,1,310
GEORGE DAVIS,1,578,,,,,1,310
GEORGE E NOGLER,2,187,,,,,1,310
GEORGE G PENNACCHI,2,187,,,,,1,310
GEORGE G SZPIRO,0,1039,,,,,1,310
GEORGE KANATAS,1,578,,,,,1,310
GEORGE PAPACHRISTOU,1,578,,,,,1,310
GEORGE SOFIANOS,1,578,,,,,1,310
GEORGE W FENN,1,578,,,,,1,310
GEORGE W STADLER,1,578,,,,,1,310
GERALD R JENSEN,2,187,,,,,1,310
GERALD T GARVEY,1,578,,,,,2,110
GERHARD O OROSEL,0,1039,,,,,1,310
GIAN MARIA MILESI-FERRETTI,1,578,,,,,1,310
GIORGIO DE SANTIS,1,578,,,,,2,110
GIORGIO DI GIORGIO,0,1039,,,,,1,310
GIOVANNA NICODANO,0,1039,,,,,1,310
GIOVANNA PALADINO,1,578,,,,,1,310
GIOVANNI FERRI,2,187,,,,,1,310
GIUSEPPE BERTOLA,3,76,,,,,1,310
GLENN B CANNER,3,76,,,,,1,310
GLENN D WESTLEY,1,578,,,,,1,310
GLENN ELLISON,1,578,,,,,1,310
GONZALO RUBIO,2,187,,,,,1,310
GORDON HANKA,1,578,,,,,2,110
GORDON J ALEXANDER,1,578,,,,,1,310
GORDON M PHILLIPS,2,187,,,,,2,110
GORDON S ROBERTS,2,187,,,,,1,310
GORDON V KARELS,1,578,,,,,1,310
GREG NIEHAUS,2,187,,,,,1,310
GREGOR ANDRADE,1,578,,,,,1,310
GREGORIO SERNA,2,187,,,,,1,310
GREGORY A WILLARD,1,578,,,,,1,310
GREGORY B KADLEC,2,187,,,,,2,110
GREGORY F UDELL,3,76,0.0,11,0.289867221428258,3,2,110
GREGORY R DUFFEE,0,1039,,,,,2,110
GUO YING LUO,0,1039,,,,,1,310
GUOFU ZHOU,1,578,,,,,1,310
GURDIP S BAKSHI,2,187,,,,,3,35
GUY VG STEVENS,0,1039,,,,,1,310
H HENRY CAO,1,578,,,,,2,110
H METE SONER,2,187,,,,,1,310
HAIM MENDELSON,3,76,,,,,2,110
HAL SINGER,2,187,0.0,11,0.01897115062433406,27,1,310
HALBERT WHITE,2,187,,,,,1,310
HALUK UNAL,1,578,,,,,1,310
HAMID MEHRAN,5,13,,,,,3,35
HANS DEGRYSE,0,1039,,,,,1,310
HANS GERSBACH,0,1039,,,,,1,310
HANS R STOLL,1,578,,,,,1,310
HANS-JURGEN WOLTER,2,187,,,,,1,310
HAO ZHANG,0,1039,,,,,1,310
HARALD HAU,0,1039,,,,,1,310
HAROLD DEMSETZ,0,1039,,,,,1,310
HAROLD H ZHANG,0,1039,,,,,1,310
HAROLD O FRIED,2,187,,,,,1,310
HARRISON HONG,1,578,,,,,1,310
HARRY DEANGELO,1,578,,,,,1,310
HASSAN TEHRANIAN,2,187,,,,,1,310
HAYNE E LELAND,0,1039,,,,,1,310
HEDI D KALLAL,2,187,,,,,2,110
HEINZ ZIMMERMANN,2,187,,,,,1,310
HELEN A POPPER,2,187,,,,,1,310
HEMANG DESAI,1,578,,,,,1,310
HENDRIK BESSEMBINDER,1,578,,,,,2,110
HENK BERKMAN,1,578,,,,,1,310
HENNING BOHN,0,1039,,,,,1,310
HENRI SERVAES,3,76,,,,,3,35
HENRIK D SCHULZE,0,1039,,,,,1,310
HENRIK JENSEN,1,578,,,,,1,310
HERBERT M KAUFMAN,1,578,,,,,1,310
HOSSEIN B KAZEMI,2,187,,,,,1,310
HOWARD BUNSIS,2,187,,,,,1,310
HUGUES PIROTTE,1,578,,,,,1,310
HYUK CHOE,4,35,,,,,2,110
IAN DAVIDSON,2,187,0.0,11,0.004905812950563783,32,1,310
IAN DOMOWITZ,3,76,,,,,3,35
IAN GRAY,2,187,0.0,11,0.01897115062433406,27,1,310
IFTEKHAR HASAN,1,578,0.0,11,0.027597114951982256,26,1,310
ILIA D DICHEV,0,1039,,,,,1,310
INGO WALTER,3,76,0.0,11,0.24639560144575273,5,1,310
INGRID M WERNER,1,578,,,,,1,310
INMOO LEE,0,1039,,,,,1,310
IQBAL MANSUR,1,578,,,,,1,310
IRAJ J FOOLADI,2,187,,,,,1,310
IVO WELCH,2,187,,,,,3,35
J CHRIS LEACH,1,578,,,,,1,310
J DARRELL DUFFIE,1,578,,,,,2,110
J DAVID CUMMINS,3,76,,,,,2,110
J HAROLD MULHERIN,4,35,,,,,2,110
J IGNACIO PENA,2,187,,,,,1,310
J MICHAEL PINEGAR,4,35,,,,,3,35
J SPENCER MARTIN,1,578,,,,,1,310
JACK GLEN,2,187,,,,,2,110
JACK SK CHANG,2,187,,,,,1,310
JACOB BOUDOUKH,5,13,,,,,3,35
JAIME F ZENDER,1,578,,,,,1,310
JAKSA CVITANIC,2,187,,,,,1,310
JAMES A BRICKLEY,2,187,,,,,1,310
JAMES A CLOUSE,1,578,,,,,1,310
JAMES A LIGON,1,578,,,,,1,310
JAMES A WILCOX,2,187,,,,,2,110
JAMES F COTTER,2,187,,,,,1,310
JAMES H GILKESON,1,578,,,,,1,310
JAMES J ANGEL,1,578,0.0,11,0.014497833013174906,30,2,110
JAMES J MCANDREWS,1,578,,,,,1,310
JAMES K SEWARD,2,187,,,,,1,310
JAMES M MAHONEY,1,578,,,,,1,310
JAMES M NELSON,2,187,,,,,1,310
JAMES MYERS,2,187,,,,,1,310
JAMES P DOW,2,187,,,,,3,35
JAMES P WESTON,1,578,0.0,11,0.029940320982523645,25,1,310
JAMES PEERY COVER,0,1039,,,,,1,310
JAMES S LINCK,2,187,,,,,1,310
JAMES S SCHALLHEIM,2,187,,,,,1,310
JAMES W KOLARI,3,76,,,,,1,310
JAN PIETER KRAHNEN,1,578,,,,,1,310
JANET KIHOLM SMITH,2,187,,,,,1,310
JARL G KALLBERG,1,578,,,,,1,310
JARRAD HARFORD,0,1039,,,,,1,310
JASON KARCESKI,2,187,,,,,1,310
JASON T GREENE,3,76,,,,,3,35
JAVIER MARQUEZ DIEZ-CANEDO,2,187,,,,,1,310
JAVIER SUAREZ,1,578,,,,,1,310
JAY R RITTER,2,187,,,,,2,110
JAY SHANKEN,1,578,,,,,1,310
JAYANT R KALE,1,578,,,,,1,310
JAYARAM K SANKARAN,1,578,,,,,1,310
JB CHAY,1,578,,,,,1,310
JEAN DERMINE,1,578,,,,,1,310
JEAN HELWEGE,1,578,,,,,2,110
JEAN-CLAUDE COSSET,1,578,,,,,1,310
JEAN-PAUL DECAMPS,2,187,,,,,1,310
JEFF FLEMING,4,35,,,,,2,110
JEFF MADURA,2,187,,,,,2,110
JEFF STEHM,1,578,,,,,1,310
JEFFREY A BUSSE,0,1039,,,,,1,310
JEFFREY C FUHRER,0,1039,,,,,2,110
JEFFREY F JAFFE,1,578,,,,,1,310
JEFFREY G WYATT,1,578,,,,,1,310
JEFFREY H HARRIS,4,35,,,,,3,35
JEFFREY J TRESTER,0,1039,,,,,1,310
JEFFREY K MACKIE-MASON,1,578,,,,,1,310
JEFFREY L COLES,2,187,,,,,1,310
JEFFREY M BACIDORE,0,1039,,,,,1,310
JEFFREY PONTIFF,2,187,,,,,2,110
JEFFREY W ALLEN,1,578,,,,,2,110
JEFFRY M NETTER,6,7,,,,,2,110
JENNIE E RAYMOND,1,578,,,,,1,310
JENNIFER E BETHEL,2,187,,,,,1,310
JENNIFER HAWKINS,1,578,,,,,1,310
JENNIFER L KOSKI,1,578,,,,,2,110
JENNIFER N CARPENTER,1,578,,,,,2,110
JENNIFER S CONRAD,1,578,,,,,1,310
JEREMY C STEIN,2,187,,,,,3,35
JEROLD B WARNER,1,578,,,,,1,310
JEROME B DETEMPLE,2,187,,,,,2,110
JEROME L STEIN,2,187,,,,,2,110
JERRY L HOOTON,3,76,,,,,1,310
JI-CHAI LIN,2,187,,,,,1,310
JIA HE,1,578,,,,,1,310
JIANPING MEI,2,187,0.0,11,0.17036933459563008,8,1,310
JIANPING QI,1,578,,,,,2,110
JILL A HOLMAN,0,1039,,,,,1,310
JIN-CHUAN DUAN,1,578,,,,,1,310
JITH JAYARATNE,1,578,,,,,1,310
JOAO AC SANTOS,0,1039,,,,,1,310
JOCELYN EVANS,2,187,,,,,1,310
JOE TRACY,2,187,,,,,1,310
JOEL F HOUSTON,5,13,,,,,5,5
JOEL HASBROUCK,0,1039,,,,,1,310
JOHN A DOUKAS,2,187,,,,,1,310
JOHN A POLONCHEK,2,187,,,,,1,310
JOHN AFFLECK-GRAVES,1,578,,,,,1,310
JOHN B LONG,2,187,,,,,1,310
JOHN C EASTERWOOD,1,578,,,,,2,110
JOHN C PERSONS,1,578,,,,,1,310
JOHN D LYON,2,187,,,,,3,35
JOHN D MARTIN,3,76,,,,,1,310
JOHN D WOLKEN,1,578,,,,,2,110
JOHN E CORE,2,187,,,,,1,310
JOHN E PARSONS,1,578,,,,,1,310
JOHN ERICKSON,2,187,,,,,1,310
JOHN H BOYD,2,187,,,,,3,35
JOHN H THORNTON,2,187,,,,,1,310
JOHN J MCCONNELL,2,187,,,,,2,110
JOHN M GANDAR,3,76,,,,,1,310
JOHN M GRIFFIN,1,578,,,,,1,310
JOHN MR CHALMERS,1,578,,,,,2,110
JOHN OKUNEV,4,35,0.12096774193548387,8,0.01589850228430807,29,2,110
JOHN R GRAHAM,3,76,,,,,3,35
JOHN R NOFSINGER,1,578,,,,,1,310
JOHN RM HAND,2,187,,,,,1,310
JOHN S HOWE,2,187,,,,,1,310
JOHN T SCRUGGS,0,1039,,,,,1,310
JOHN V NYE,1,578,,,,,1,310
JOHN W KEATING,1,578,,,,,1,310
JOHN W KENSINGER,3,76,,,,,1,310
JOHN WHALLEY,1,578,,,,,1,310
JON A CHRISTOPHERSON,2,187,,,,,1,310
JON A GARFINKEL,2,187,,,,,1,310
JONAS DM FISHER,0,1039,,,,,1,310
JONATHAN B BERK,2,187,,,,,1,310
JONATHAN D JONES,2,187,,,,,1,310
JONATHAN LEWELLEN,0,1039,,,,,1,310
JONATHAN R MACEY,1,578,,,,,1,310
JONGMOO JAY CHOI,2,187,,,,,1,310
JOSE A SCHEINKMAN,3,76,,,,,1,310
JOSE CORREIA GUEDES,1,578,,,,,1,310
JOSEF LAKONISHOK,5,13,,,,,3,35
JOSEF ZECHNER,1,578,,,,,1,310
JOSEPH F SINKEY,2,187,,,,,2,110
JOSEPH J REISING,3,76,,,,,1,310
JOSEPH M SCALISE,3,76,0.0,11,0.289867221428258,3,1,310
JOSEPH P HUGHES,3,76,0.0,11,0.06482351831123545,16,1,310
JOSEPH P KAIRYS,1,578,,,,,1,310
JOSEPH P OGDEN,2,187,,,,,1,310
JOSEPH PEEK,2,187,,,,,2,110
JOSEPH T WILLIAMS,0,1039,,,,,1,310
JOSEPH W CHENG,2,187,,,,,1,310
JOSHUA D COVAL,1,578,,,,,1,310
JOSHUA LERNER,1,578,,,,,3,35
JUAN M MORALEDA,1,578,,,,,1,310
JUDITH A CHEVALIER,1,578,,,,,1,310
JUERG M BLUM,0,1039,,,,,1,310
JULIA PORTER LIEBESKIND,2,187,,,,,1,310
JULIAN R FRANKS,4,35,,,,,3,35
JULIET D'SOUZA,1,578,,,,,1,310
JUN CAI,2,187,,,,,1,310
JUN UNO,2,187,,,,,1,310
JUN-KOO KANG,3,76,,,,,3,35
K BEN NOWMAN,0,1039,,,,,1,310
K GEERT ROUWENHORST,0,1039,,,,,2,110
KA-KEUNG CEAJER CHAN,2,187,,,,,1,310
KAM HON CHU,0,1039,,,,,1,310
KAREN H WRUCK,1,578,,,,,1,310
KARL V LINS,1,578,,,,,1,310
KATHARINE S NEISS,0,1039,,,,,1,310
KATHERINE A SAMOLYK,2,187,,,,,1,310
KATHRYN L DEWENTER,3,76,,,,,3,35
KATRINA ELLIS,2,187,,,,,1,310
KAUSHIK I AMIN,1,578,,,,,1,310
KED HOGAN,2,187,,,,,1,310
KEE H CHUNG,4,35,,,,,2,110
KEES G KOEDIJK,3,76,,,,,1,310
KEI-MU YI,1,578,,,,,1,310
KELLY R BRUNARSKI,2,187,,,,,1,310
KEN S CAVALLUZZO,1,578,,,,,1,310
KENJI MIYAZAKI,1,578,,,,,1,310
KENNETH A BOROKHOVICH,2,187,,,,,1,310
KENNETH A CAROW,2,187,,,,,2,110
KENNETH A FROOT,2,187,,,,,2,110
KENNETH A KAVAJECZ,0,1039,,,,,1,310
KENNETH A KIM,1,578,,,,,1,310
KENNETH B DUNN,1,578,,,,,1,310
KENNETH B SCHWARTZ,2,187,,,,,1,310
KENNETH F KRONER,1,578,,,,,1,310
KENNETH J KOPECKY,2,187,,,,,1,310
KENNETH J SINGLETON,1,578,,,,,2,110
KENNETH M LEHN,3,76,,,,,2,110
KENNETH MARTIN,1,578,,,,,1,310
KENNETH R FRENCH,1,578,,,,,4,15
KENNETH R VETZAL,0,1039,,,,,1,310
KENT D DANIEL,5,13,,,,,3,35
KENT HARGIS,1,578,,,,,1,310
KENT L WOMACK,5,13,,,,,3,35
KERRY E BACK,2,187,,,,,1,310
KEVIN DOWD,1,578,,,,,1,310
KEVIN E ROGERS,0,1039,,,,,1,310
KEVIN J STIROH,0,1039,,,,,1,310
KHALIFA H GHALI,0,1039,,,,,1,310
KIAN GUAN LIM,2,187,,,,,1,310
KIT PONG WONG,0,1039,,,,,1,310
KLAUS BJERRE TOFT,1,578,,,,,1,310
KLAUS SANDMANN,2,187,,,,,1,310
KO WANG,2,187,,,,,1,310
KOSE JOHN,3,76,,,,,2,110
KRIS JACOBS,0,1039,,,,,1,310
KRISHNAN DANDAPANI,3,76,,,,,1,310
KRISTIAN R MILTERSEN,2,187,,,,,1,310
KRISTIAN RYDQVIST,1,578,,,,,3,35
KSHITIJ SHAH,2,187,,,,,1,310
KULDEEP SHASTRI,2,187,,,,,1,310
L PAIGE FIELDS,1,578,,,,,1,310
LAKSHMI SHYAM-SUNDER,1,578,,,,,1,310
LALATENDU MISRA,2,187,,,,,1,310
LANCE NAIL,2,187,,,,,1,310
LANE DALEY,2,187,,,,,1,310
LARRY HP LANG,4,35,,,,,2,110
LARS EO SVENSSON,0,1039,,,,,1,310
LARS PETER HANSEN,4,35,,,,,2,110
LAURA T STARKS,1,578,,,,,2,110
LAURENCE BALL,2,187,,,,,1,310
LAURIE KRIGMAN,2,187,,,,,1,310
LAURIE SIMON HODRICK,0,1039,,,,,1,310
LAWRENCE A WEISS,1,578,,,,,1,310
LAWRENCE B PULLEY,1,578,,,,,1,310
LAWRENCE D SCHALL,1,578,,,,,1,310
LAWRENCE G GOLDBERG,4,35,0.22580645161290322,6,0.04358443577584014,21,3,35
LAWRENCE H WHITE,1,578,,,,,2,110
LAWRENCE J WHITE,2,187,0.0,11,0.03787445032762566,22,2,110
LAWRENCE M BENVENISTE,2,187,,,,,1,310
LAZARUS A ANGBAZO,2,187,0.0,11,0.17036933459563008,8,2,110
LEE E OHANIAN,1,578,,,,,1,310
LEE PINKOWITZ,3,76,,,,,1,310
LEE S REDDING,0,1039,,,,,1,310
LEIGH A RIDDICK,2,187,,,,,1,310
LEMMA W SENBET,1,578,,,,,1,310
LEONHARD CG ROGERS,2,187,,,,,2,110
LEORA F KLAPPER,3,76,,,,,1,310
LESLIE M MARX,2,187,,,,,4,15
LI-MING HAN,2,187,,,,,1,310
LILIAN K NG,1,578,,,,,1,310
LIN GUO,0,1039,,,,,1,310
LINDA C CAVALLUZZO,1,578,,,,,1,310
LINDA CANINA,3,76,,,,,1,310
LINDA DEANGELO,1,578,,,,,1,310
LINDA S BAMBER,1,578,,,,,1,310
LINDA VAN DE GUCHT,2,187,,,,,1,310
LORETTA J MESTER,5,13,0.2318548387096774,5,0.14525486499974544,11,5,5
LOUIS KC CHAN,2,187,,,,,2,110
LU ZHENG,0,1039,,,,,1,310
LUBOS PASTOR,1,578,,,,,1,310
LUIGI ZINGALES,2,187,,,,,2,110
M MEGAN PARTCH,2,187,,,,,2,110
MAHENDRARAJAH NIMALENDRAN,2,187,,,,,1,310
MAI ISKANDAR-DATTA,2,187,,,,,2,110
MAKOTO SAITO,1,578,,,,,1,310
MANJU PURI,3,76,0.0,11,0.24639560144575273,5,3,35
MAO-WEI HUNG,2,187,,,,,1,310
MARC L LIPSON,1,578,,,,,1,310
MARC ZENNER,2,187,,,,,1,310
MARCEL TYRELL,2,187,,,,,1,310
MARCIA MILLON CORNETT,2,187,,,,,1,310
MARCO PAGANO,3,76,,,,,2,110
MARCUS MILLER,2,187,,,,,1,310
MARGARET M SMOLLER,1,578,,,,,1,310
MARIE E SUSHKA,2,187,,,,,3,35
MARILYN K WILEY,1,578,,,,,1,310
MARK A HOOKER,1,578,,,,,1,310
MARK A PETERSON,1,578,,,,,1,310
MARK BERGEN,3,76,,,,,1,310
MARK BRITTEN-JONES,0,1039,,,,,1,310
MARK BROADIE,2,187,,,,,1,310
MARK C DAWKINS,1,578,,,,,1,310
MARK CAREY,2,187,,,,,2,110
MARK D FLOOD,3,76,,,,,1,310
MARK D GRIFFITHS,3,76,,,,,1,310
MARK E WOHAR,1,578,,,,,1,310
MARK FISHER,1,578,,,,,1,310
MARK GRINBLATT,4,35,,,,,2,110
MARK HIRSCHEY,2,187,,,,,1,310
MARK J FLANNERY,3,76,,,,,3,35
MARK J READY,1,578,,,,,2,110
MARK M CARHART,0,1039,,,,,1,310
MARK ROOMANS,2,187,,,,,1,310
MARK SCHROEDER,0,1039,,,,,1,310
MARKUS RUDOLF,2,187,,,,,1,310
MARLIESE UHRIG-HOMBURG,3,76,,,,,1,310
MARSHALL E BLUME,3,76,,,,,2,110
MARTI G SUBRAHMANYAM,2,187,,,,,2,110
MARTIN DD EVANS,0,1039,,,,,1,310
MARTIN J GRUBER,1,578,,,,,1,310
MARTIN MARTENS,1,578,,,,,1,310
MARTIN T WELLS,2,187,,,,,1,310
MARTIN WEBER,1,578,,,,,1,310
MARY A WEISS,2,187,,,,,1,310
MASAO NAKAMURA,1,578,,,,,1,310
MASSOUD MUSSAVIAN,1,578,,,,,1,310
MATTHEW B CANZONERI,2,187,,,,,1,310
MATTHEW PRITSKER,0,1039,,,,,1,310
MATTHEW RICHARDSON,7,3,,,,,4,15
MATTHEW SEVICK,1,578,,,,,1,310
MATTHEW SPIEGEL,1,578,,,,,2,110
MATTHEW T BILLETT,2,187,,,,,1,310
MAUREEN O'HARA,5,13,,,,,5,5
MAURIZIO MURGIA,1,578,,,,,1,310
MEETA KOTHARE,0,1039,,,,,1,310
MICHAEL A GOLDSTEIN,1,578,,,,,1,310
MICHAEL D RYNGAERT,5,13,,,,,4,15
MICHAEL D STAUNTON,2,187,,,,,1,310
MICHAEL F THEOBALD,1,578,,,,,1,310
MICHAEL J AITKEN,3,76,,,,,1,310
MICHAEL J BARCLAY,7,3,,,,,4,15
MICHAEL J BRENNAN,4,35,,,,,3,35
MICHAEL J COOPER,0,1039,,,,,1,310
MICHAEL J FLEMING,1,578,,,,,1,310
MICHAEL J SCHILL,3,76,,,,,1,310
MICHAEL L LEMMON,2,187,,,,,1,310
MICHAEL L SMITH,1,578,,,,,1,310
MICHAEL M HUTCHISON,1,578,,,,,1,310
MICHAEL M KNETTER,1,578,,,,,1,310
MICHAEL MOSEBACH,0,1039,,,,,1,310
MICHAEL R WICKENS,1,578,,,,,1,310
MICHAEL ROBINSON,3,76,,,,,1,310
MICHAEL S MCCORRY,3,76,,,,,1,310
MICHAEL S ROZEFF,1,578,,,,,2,110
MICHAEL S WEISBACH,6,7,,,,,4,15
MICHAEL T MELVIN,2,187,,,,,1,310
MICHAEL W BRANDT,0,1039,,,,,1,310
MICHAEL WILLENBORG,1,578,,,,,1,310
MICHAEL WOODFORD,1,578,,,,,1,310
MICHEL A HABIB,1,578,,,,,1,310
MICHELE LAPLANTE,1,578,,,,,1,310
MICHELLE HAYNES,1,578,,,,,1,310
MILTON HARRIS,1,578,,,,,1,310
MIN-TEH YU,1,578,,,,,1,310
MINDER CHENG,1,578,,,,,1,310
MIR A ZAMAN,3,76,,,,,2,110
MIRANDA LAM DETZLER,0,1039,,,,,1,310
MIREILLE BARDOS,0,1039,,,,,1,310
MITCH POST,2,187,,,,,1,310
MITCHELL A PETERSEN,1,578,,,,,1,310
MITCHELL BERLIN,1,578,0.0,11,0.034251644859925316,23,3,35
MITCHELL RATNER,1,578,,,,,1,310
MOONCHUL KIM,1,578,,,,,1,310
MORGAN KELLY,0,1039,,,,,1,310
MOSHE KIM,1,578,,,,,1,310
MP NARAYANAN,1,578,,,,,1,310
MURRAY Z FRANK,3,76,,,,,2,110
MYEONG-HYEON CHO,0,1039,,,,,1,310
MYRON B SLOVIN,2,187,,,,,3,35
MYRON L KWAST,0,1039,,,,,1,310
N GREGORY MANKIW,2,187,,,,,1,310
NAGPURNANAND R PRABHALA,1,578,,,,,2,110
NANCY J MOHAN,2,187,,,,,1,310
NARASIMHAN JEGADEESH,1,578,,,,,1,310
NARAYAN Y NAIK,3,76,,,,,3,35
NARAYANA R KOCHERLAKOTA,1,578,,,,,1,310
NARJESS BOUBAKRI,1,578,,,,,1,310
NATHAN SUSSMAN,1,578,,,,,1,310
NAVEEN KHANNA,0,1039,,,,,1,310
NAYAN G PAREKH,1,578,,,,,1,310
NEAL M STOUGHTON,1,578,,,,,1,310
NECMI KEMAL AVKIRAN,0,1039,,,,,1,310
NEIL BRUCE,1,578,,,,,1,310
NEIL D PEARSON,4,35,,,,,2,110
NEIL GANDAL,1,578,,,,,1,310
NEIL WALLACE,1,578,,,,,1,310
NELLIE LIANG,1,578,,,,,1,310
NENGJIU JU,0,1039,,,,,1,310
NGEE-CHOON CHIA,1,578,,,,,1,310
NICHOLAS C BARBERIS,2,187,,,,,1,310
NICHOLAS M KIEFER,2,187,,,,,1,310
NICHOLAS VALERIO,1,578,,,,,1,310
NICOLA CARCANO,1,578,,,,,1,310
NIKOS VAFEAS,0,1039,,,,,1,310
NILOY BOSE,1,578,,,,,1,310
NOURIEL ROUBINI,1,578,,,,,1,310
NUSRET CAKICI,1,578,,,,,1,310
ODED SARIG,2,187,,,,,1,310
OLAF KORN,1,578,,,,,1,310
OLIVER HANSCH,2,187,,,,,2,110
OMESH KINI,1,578,,,,,1,310
OTTO TOIVANEN,0,1039,,,,,1,310
OWAIN AP GWILYM,2,187,,,,,1,310
OWEN A LAMONT,4,35,,,,,4,15
OWEN F HUMPAGE,0,1039,,,,,1,310
OYVIND BOHREN,2,187,,,,,1,310
PALANI-RAJAN KADAPAKKAM,2,187,,,,,1,310
PAOLO ANGELINI,2,187,,,,,2,110
PAOLO FULGHIERI,2,187,,,,,2,110
PAOLO MARULLO REEDTZ,3,76,,,,,2,110
PATRICIA H HALL,2,187,,,,,1,310
PATRICIA M DANZON,1,578,,,,,1,310
PATRICIA M DECHOW,1,578,,,,,1,310
PATRICK BOLTON,1,578,,,,,1,310
PATRICK J HESS,1,578,,,,,1,310
PAUL A GOMPERS,2,187,,,,,4,15
PAUL A SPINDT,2,187,,,,,1,310
PAUL BROCKMAN,1,578,,,,,1,310
PAUL CLYDE,2,187,,,,,1,310
PAUL G MAHONEY,0,1039,,,,,1,310
PAUL H MALATESTA,1,578,,,,,1,310
PAUL H SCHULTZ,6,7,,,,,5,5
PAUL HALPERN,2,187,,,,,1,310
PAUL J SEGUIN,1,578,,,,,1,310
PAUL KOFMAN,1,578,,,,,1,310
PAUL MARSH,1,578,,,,,1,310
PAUL R MASSON,1,578,,,,,1,310
PAUL S CALEM,4,35,,,,,2,110
PAUL W WILSON,1,578,,,,,1,310
PAUL WACHTEL,1,578,,,,,1,310
PC KUMAR,2,187,,,,,1,310
PETER BOSSAERTS,1,578,,,,,1,310
PETER C REISS,1,578,,,,,1,310
PETER H RITCHKEN,1,578,,,,,1,310
PETER J KNEZ,1,578,,,,,1,310
PETER KLEIN,0,1039,,,,,1,310
PETER KLIBANOFF,2,187,,,,,1,310
PETER L ROUSSEAU,1,578,,,,,1,310
PETER L SWAN,3,76,,,,,1,310
PETER M DEMARZO,1,578,,,,,1,310
PETER N IRELAND,0,1039,,,,,1,310
PETER N SMITH,2,187,,,,,1,310
PETER P CARR,2,187,,,,,2,110
PETER R HARTLEY,0,1039,,,,,1,310
PETER TUFANO,4,35,,,,,4,15
PETER WRIGHT,2,187,,,,,1,310
PETER YALLUP,1,578,,,,,1,310
PHELIM P BOYLE,1,578,,,,,1,310
PHILIP E STRAHAN,3,76,0.0625,9,0.12697348739938116,13,3,35
PHILIP G BERGER,2,187,,,,,2,110
PHILIP H DYBVIG,3,76,,,,,3,35
PHILIP HERSCH,3,76,,,,,1,310
PHILIP K GRAY,1,578,,,,,1,310
PHILIPP HARTMANN,0,1039,,,,,1,310
PHILIPPE JORION,1,578,,,,,1,310
PIERLUIGI BALDUZZI,5,13,,,,,3,35
PIERRE HILLION,1,578,,,,,1,310
PIERRE L SIKLOS,1,578,,,,,1,310
PIERRE MELLA-BARRAL,2,187,,,,,3,35
PIERRE-FRANCOIS KOEHL,2,187,,,,,1,310
PIERRE-RICHARD AGENOR,1,578,,,,,1,310
PIET SERCU,1,578,,,,,1,310
PIETRO VERONESI,0,1039,,,,,1,310
PORNCHAI CHUNHACHINDA,3,76,,,,,1,310
PRADIPKUMAR RAMANLAL,1,578,,,,,1,310
PRAJIT K DUTTA,1,578,,,,,1,310
PRAKASH LOUNGANI,1,578,,,,,1,310
PRASAD NANISETTY,2,187,,,,,1,310
PREM C JAIN,1,578,,,,,1,310
PS SRINIVAS,2,187,,,,,1,310
R ANTON BRAUN,1,578,,,,,1,310
R DI SALVO,2,187,,,,,1,310
R GLENN HUBBARD,2,187,,,,,2,110
R RAVICHANDRAN,2,187,,,,,1,310
R TODD SMITH,0,1039,,,,,1,310
RAFAEL LA PORTA,4,35,,,,,3,35
RAFAEL REPULLO,1,578,,,,,1,310
RAFAEL ROB,1,578,,,,,1,310
RAGHAVENDRA RAU,1,578,,,,,1,310
RAGHURAM G RAJAN,2,187,,,,,3,35
RAHUL BHARGAVA,1,578,,,,,1,310
RAJDEEP SINGH,1,578,,,,,2,110
RAJESH K AGGARWAL,1,578,,,,,1,310
RAKESH BALI,1,578,,,,,1,310
RALF ELSAS,1,578,,,,,1,310
RAMAN KALRA,1,578,,,,,1,310
RAMAN KUMAR,2,187,,,,,1,310
RAMAN UPPAL,2,187,,,,,2,110
RANDALL A HERON,1,578,,,,,1,310
RANDALL MORCK,1,578,,,,,1,310
RANDALL S KROSZNER,2,187,,,,,2,110
RANDOLPH P BEATTY,2,187,,,,,1,310
RANJINI SIVAKUMAR,2,187,,,,,1,310
RAPHAEL W BOSTIC,4,35,,,,,2,110
RASMUS FATUM,1,578,,,,,1,310
RAVI BANSAL,0,1039,,,,,1,310
RAVI JAGANNATHAN,3,76,,,,,3,35
RAYMOND CHIANG,2,187,0.0,11,0.004905812950563783,32,1,310
RAYMOND KAN,2,187,,,,,3,35
RAYMOND PH FISHE,0,1039,,,,,1,310
REBECCA S DEMSETZ,2,187,0.0,11,0.12126063894527855,14,2,110
REBEL A COLE,1,578,,,,,2,110
REENA AGGARWAL,5,13,0.17943548387096775,7,0.0614845314554019,19,3,35
REID W CLICK,0,1039,,,,,1,310
REINHARD H SCHMIDT,2,187,,,,,1,310
RENE GARCIA,2,187,,,,,1,310
RENE M STULZ,7,3,,,,,4,15
RICARDO DE OLIVEIRA CAVALCANTI,1,578,,,,,1,310
RICARDO PC LEAL,1,578,,,,,1,310
RICCARDO ROVELLI,1,578,,,,,1,310
RICHARD A BREALEY,1,578,,,,,1,310
RICHARD A ZUBER,3,76,,,,,1,310
RICHARD B CARTER,2,187,,,,,1,310
RICHARD C GREEN,4,35,,,,,4,15
RICHARD C STAPLETON,2,187,,,,,2,110
RICHARD CANTOR,1,578,,,,,1,310
RICHARD CK BURDEKIN,1,578,,,,,1,310
RICHARD COTHREN,1,578,,,,,1,310
RICHARD G ANDERSON,1,578,,,,,1,310
RICHARD G SLOAN,1,578,,,,,1,310
RICHARD H HARJES,2,187,,,,,1,310
RICHARD H PETTWAY,1,578,,,,,1,310
RICHARD H THALER,4,35,,,,,2,110
RICHARD J BUTTIMER,2,187,,,,,1,310
RICHARD J ROGALSKI,2,187,,,,,1,310
RICHARD J SWEENEY,0,1039,,,,,1,310
RICHARD K LYONS,2,187,,,,,1,310
RICHARD L SHOCKLEY,1,578,,,,,1,310
RICHARD L SMITH,2,187,,,,,1,310
RICHARD LB LECOMPTE,2,187,,,,,1,310
RICHARD MCENALLY,2,187,,,,,1,310
RICHARD NASON,3,76,,,,,1,310
RICHARD PRIESTLEY,2,187,,,,,1,310
RICHARD STANTON,3,76,,,,,2,110
RICHARD W SIAS,2,187,,,,,3,35
RISTO KARJALAINEN,1,578,,,,,1,310
ROBERT A JARROW,4,35,,,,,3,35
ROBERT A VAN NESS,2,187,,,,,1,310
ROBERT B AVERY,4,35,,,,,2,110
ROBERT C NASH,4,35,,,,,2,110
ROBERT C WITT,2,187,,,,,1,310
ROBERT D BROOKS,2,187,,,,,1,310
ROBERT DEYOUNG,4,35,0.3649193548387097,3,0.11703596224208102,15,3,35
ROBERT E CARPENTER,1,578,,,,,1,310
ROBERT E WHALEY,4,35,,,,,2,110
ROBERT F BRUNER,0,1039,,,,,1,310
ROBERT F STAMBAUGH,1,578,,,,,3,35
ROBERT F WHITELAW,5,13,,,,,3,35
ROBERT FORSYTHE,2,187,,,,,1,310
ROBERT H BATTALIO,2,187,,,,,3,35
ROBERT H JENNINGS,2,187,,,,,2,110
ROBERT H LITZENBERGER,2,187,,,,,1,310
ROBERT HEINKEL,2,187,,,,,1,310
ROBERT HENDERSHOTT,2,187,,,,,1,310
ROBERT J BATTIG,1,578,,,,,1,310
ROBERT J BLOOMFIELD,1,578,,,,,2,110
ROBERT J HODRICK,3,76,,,,,2,110
ROBERT J LIEBLER,0,1039,,,,,1,310
ROBERT L KIESCHNICK,4,35,,,,,2,110
ROBERT L SARTAIN,1,578,,,,,1,310
ROBERT M MOORADIAN,1,578,,,,,2,110
ROBERT PARRINO,3,76,,,,,4,15
ROBERT R GRAUER,0,1039,,,,,1,310
ROBERT R JOHNSON,2,187,,,,,1,310
ROBERT T DAIGLER,1,578,,,,,1,310
ROBERT T LEACH,2,187,,,,,1,310
ROBERT TREVOR,1,578,,,,,1,310
ROBERT VENABLE,3,76,,,,,1,310
ROBERT W FAFF,2,187,,,,,1,310
ROBERT W HOLTHAUSEN,2,187,,,,,1,310
ROBERT W RICH,1,578,,,,,1,310
ROBERT W VISHNY,5,13,,,,,5,5
ROBERT W WHITE,5,13,,,,,2,110
ROBIN L LUMSDAINE,2,187,,,,,1,310
ROCH PARAYRE,1,578,,,,,1,310
ROEL MWJ BEETSMA,1,578,,,,,1,310
ROGER CRAINE,1,578,,,,,1,310
ROGER D HUANG,2,187,,,,,2,110
ROGER D STOVER,0,1039,,,,,1,310
ROGER EA FARMER,0,1039,,,,,1,310
ROGER H GORDON,1,578,,,,,1,310
ROGER LAGUNOFF,1,578,,,,,1,310
ROGER M EDELEN,0,1039,,,,,1,310
ROHAN WILLIAMSON,3,76,,,,,1,310
RONALD GIAMMARINO,2,187,,,,,1,310
RONALD HUISMAN,3,76,,,,,1,310
RONALD J GILSON,1,578,,,,,1,310
RONALD J MAHIEU,3,76,,,,,1,310
RONALD W MASULIS,1,578,,,,,1,310
RONEN ISRAEL,1,578,,,,,1,310
RONI MICHAELY,4,35,,,,,3,35
ROSS LEVINE,0,1039,,,,,2,110
ROWENA A PECCHENINO,0,1039,,,,,1,310
RUSS WERMERS,3,76,,,,,2,110
RUSSELL LUNDHOLM,2,187,,,,,1,310
RYAN SULLIVAN,2,187,,,,,1,310
S ABRAHAM RAVID,2,187,,,,,2,110
S GHON RHEE,1,578,,,,,1,310
S KIRK ELWOOD,0,1039,,,,,1,310
SABRINA KWAN,1,578,,,,,1,310
SAEYOUNG CHANG,0,1039,,,,,1,310
SAIKAT NANDI,0,1039,,,,,1,310
SANDRA CHAMBERLAIN,2,187,,,,,1,310
SANGJOON JUN,0,1039,,,,,1,310
SANGKYUN PARK,1,578,,,,,2,110
SANJAY K NAWALKHA,0,1039,,,,,1,310
SANJIV R DAS,1,578,,,,,1,310
SCOTT B SMART,1,578,,,,,1,310
SCOTT FREEMAN,2,187,,,,,1,310
SEAN CLEARY,0,1039,,,,,1,310
SEAN COLLINS,1,578,,,,,1,310
SEBASTIANO LAVIOLA,2,187,,,,,1,310
SEHA M TINIC,1,578,,,,,1,310
SERENA NG,2,187,,,,,1,310
SHAHID HAMID,3,76,,,,,1,310
SHANE A CORWIN,0,1039,,,,,1,310
SHANKAR NAGARAJAN,1,578,,,,,1,310
SHANTANU DUTTA,3,76,,,,,1,310
SHARON TENNYSON,2,187,,,,,1,310
SHASHIDHAR MURTHY,1,578,,,,,1,310
SHERIDAN TITMAN,6,7,,,,,5,5
SHERRILL SHAFFER,1,578,,,,,4,15
SHLOMO BENARTZI,2,187,,,,,1,310
SHMUEL HAUSER,2,187,,,,,1,310
SHMUEL KANDEL,2,187,,,,,1,310
SIEW HONG TEOH,2,187,,,,,2,110
SIGBJORN ATLE BERG,1,578,,,,,1,310
SILVERIO FORESI,4,35,,,,,2,110
SINA M ERDAL,2,187,,,,,1,310
SONYA WILLIAMS-STANTON,0,1039,,,,,1,310
SOON-JAE LEE,3,76,,,,,2,110
SRIDHAR VISWANATHAN,3,76,,,,,3,35
SRINIVASAN RANGAN,0,1039,,,,,1,310
STACEY L SCHREFT,1,578,,,,,1,310
STACEY R KOLE,1,578,,,,,2,110
STACEY R NUTT,1,578,,,,,1,310
STANLEY D LONGHOFER,0,1039,,,,,1,310
STAVROS PERISTIANI,1,578,,,,,2,110
STEFAN SUNDGREN,2,187,,,,,1,310
STEPHEN A RHOADES,0,1039,,,,,1,310
STEPHEN D PROWSE,0,1039,,,,,1,310
STEPHEN D WILLIAMSON,0,1039,,,,,2,110
STEPHEN F GRAY,1,578,,,,,1,310
STEPHEN FIGLEWSKI,2,187,,,,,2,110
STEPHEN H THOMAS,5,13,,,,,4,15
STEPHEN J BROWN,2,187,,,,,2,110
STEPHEN J TURNOVSKY,1,578,,,,,1,310
STEPHEN M SCHAEFER,2,187,,,,,1,310
STEPHEN P FERRIS,1,578,,,,,1,310
STEPHEN R FOERSTER,1,578,,,,,1,310
STEVE SWIDLER,1,578,,,,,1,310
STEVE THOMPSON,1,578,,,,,2,110
STEVEN A SHARPE,2,187,,,,,1,310
STEVEN B CAUDILL,2,187,,,,,1,310
STEVEN FRIES,3,76,,,,,2,110
STEVEN L JONES,3,76,,,,,1,310
STEVEN N KAPLAN,1,578,,,,,1,310
STEVEN R GRENADIER,1,578,,,,,2,110
STEWART C MYERS,1,578,,,,,1,310
STIJN CLAESSENS,0,1039,,,,,1,310
STUART C GILSON,0,1039,,,,,1,310
STUART M TURNBULL,2,187,,,,,1,310
STUART ROSENSTEIN,1,578,,,,,1,310
SU HAN CHAN,3,76,,,,,1,310
SUDHA KRISHNASWAMI,2,187,,,,,2,110
SUDIP DATTA,2,187,,,,,2,110
SUDIPTO BHATTACHARYA,2,187,,,,,1,310
SUDIPTO DASGUPTA,1,578,,,,,1,310
SUGATO BHATTACHARYYA,2,187,,,,,2,110
SULEYMAN BASAK,1,578,,,,,1,310
SUMON C MAZUMDAR,1,578,,,,,1,310
SUNIL WAHAL,0,1039,,,,,1,310
SURESH M SUNDARESAN,2,187,,,,,2,110
SUSAN CHAPLINSKY,2,187,,,,,1,310
SUSAN D JORDAN,1,578,,,,,1,310
SUTHATHIP YAISAWARNG,2,187,,,,,1,310
SVANTE KROKFORS,2,187,,,,,1,310
SWAMINATHAN G BADRINATH,1,578,,,,,1,310
SYDNEY C LUDVIGSON,0,1039,,,,,1,310
T CLIFTON GREEN,2,187,,,,,2,110
T RANDOLPH BEARD,2,187,,,,,1,310
TAHIR ANDRABI,0,1039,,,,,1,310
TAIJI WATANABE,2,187,,,,,1,310
TAKATOSHI ITO,2,187,,,,,1,310
TAKESHI YAMADA,2,187,,,,,1,310
TARUN CHORDIA,2,187,,,,,1,310
TAVY RONEN,0,1039,,,,,1,310
TENG SUAN HO,2,187,,,,,2,110
TEPPO MARTIKAINEN,2,187,,,,,1,310
TERESA GARCIA-MARCO,1,578,,,,,1,310
TERRANCE ODEAN,0,1039,,,,,2,110
THEO VERMAELEN,1,578,,,,,1,310
THEODORE E DAY,1,578,,,,,1,310
THEODORE EISENBERG,2,187,,,,,1,310
THIERRY A WIZMAN,2,187,,,,,1,310
THIERRY FOUCAULT,1,578,,,,,1,310
THOMAS F COOLEY,1,578,,,,,1,310
THOMAS F GOSNELL,2,187,0.0,11,0.014026304444300842,31,1,310
THOMAS H NOE,3,76,,,,,2,110
THOMAS J CHEMMANUR,2,187,,,,,2,110
THOMAS J JORDAN,1,578,,,,,1,310
THOMAS J SARGENT,1,578,,,,,2,110
THOMAS L STEINER,2,187,,,,,1,310
THOMAS M SMITH,5,13,,,,,2,110
THOMAS RIETZ,2,187,,,,,1,310
THOMAS WEBER,3,76,,,,,1,310
TIM BOLLERSLEV,1,578,,,,,2,110
TIMM KORTING,1,578,,,,,1,310
TIMOTHY G CONLEY,3,76,,,,,1,310
TIMOTHY H HANNAN,1,578,,,,,1,310
TIMOTHY J RIDDIOUGH,0,1039,,,,,1,310
TIMOTHY LOUGHRAN,3,76,,,,,3,35
TINA M GALLOWAY,2,187,,,,,1,310
TITO CORDELLA,1,578,,,,,1,310
TJ WONG,2,187,,,,,2,110
TOBIAS J MOSKOWITZ,2,187,,,,,2,110
TODD C PULVINO,0,1039,,,,,2,110
TODD HOUGE,1,578,,,,,1,310
TODD T MILBOURN,2,187,,,,,1,310
TOM ARNOLD,3,76,,,,,1,310
TOM NOHEL,2,187,,,,,2,110
TOMAS VALNEK,0,1039,,,,,1,310
TON CF VORST,1,578,,,,,1,310
TORBEN G ANDERSEN,1,578,,,,,2,110
TYLER COWEN,0,1039,,,,,1,310
TYLER SHUMWAY,1,578,,,,,2,110
ULRICH HEGE,1,578,,,,,1,310
ULRICH WALTER,3,76,,,,,1,310
UPINDER S DHILLON,2,187,,,,,1,310
UTPAL BHATTACHARYA,0,1039,,,,,1,310
V RAVI ANSHUMAN,1,578,,,,,1,310
VASANT NAIK,2,187,,,,,1,310
VEFA TARHAN,1,578,,,,,1,310
VENKAT R ELESWARAPU,1,578,,,,,2,110
VENKAT SUBRAMANIAM,2,187,,,,,2,110
VICTOR E LI,0,1039,,,,,1,310
VICTOR K NG,2,187,,,,,2,110
VIHANG R ERRUNZA,2,187,,,,,1,310
VIJAY SINGAL,2,187,,,,,1,310
VIKAS MEHROTRA,2,187,,,,,1,310
VIKRAM K NANDA,2,187,,,,,2,110
VINCENT A WARTHER,3,76,,,,,3,35
VISHAL GUPTA,2,187,,,,,1,310
VOJISLAV MAKSIMOVIC,4,35,,,,,4,15
WALTER N TOROUS,2,187,,,,,2,110
WARREN E WEBER,3,76,,,,,2,110
WAYNE E FERSON,6,7,,,,,4,15
WAYNE H MIKKELSON,2,187,,,,,2,110
WAYNE H SHAW,2,187,,,,,1,310
WAYNE R GUAY,0,1039,,,,,1,310
WAYNE Y LEE,2,187,,,,,1,310
WENDY ROTENBERG,2,187,,,,,1,310
WILBUR G LEWELLEN,1,578,,,,,1,310
WILLEM THORBECKE,0,1039,,,,,1,310
WILLIAM A REESE,0,1039,,,,,1,310
WILLIAM FUNG,1,578,,,,,1,310
WILLIAM G CHRISTIE,4,35,,,,,2,110
WILLIAM H DARE,3,76,,,,,1,310
WILLIAM J CROWDER,1,578,,,,,1,310
WILLIAM J WILHELM,2,187,,,,,1,310
WILLIAM L MEGGINSON,6,7,,,,,3,35
WILLIAM N GOETZMANN,3,76,,,,,3,35
WILLIAM ROBERDS,2,187,,,,,3,35
WILLIAM RULAND,1,578,,,,,1,310
WILLIAM W LANG,3,76,0.0,11,0.06482351831123545,16,1,310
WILLIARD T CARLETON,2,187,,,,,1,310
WINSON B LEE,3,76,,,,,2,110
WOLFGANG BUEHLER,3,76,,,,,1,310
WOON GYU CHOI,0,1039,,,,,1,310
X SHELDON LIN,1,578,,,,,1,310
XAVIER FREIXAS,1,578,,,,,1,310
XAVIER X SALA-I-MARTIN,1,578,,,,,1,310
XUEPING WU,1,578,,,,,1,310
YACINE AIT-SAHALIA,1,578,,,,,2,110
YAKOV AMIHUD,4,35,,,,,3,35
YARON BROOK,2,187,,,,,1,310
YASUSHI HAMAO,1,578,,,,,1,310
YEW KEE HO,2,187,,,,,1,310
YI-TSUNG LEE,2,187,,,,,1,310
YISHAY YAFEH,1,578,,,,,1,310
YIUMAN TSE,2,187,,,,,2,110
YONG O KIM,1,578,,,,,1,310
YONG-CHEOL KIM,2,187,,,,,1,310
YOUNGKEOL YUN,1,578,,,,,1,310
YU-JANE LIU,2,187,,,,,1,310
YUMING LI,2,187,,,,,1,310
ZHENYU WANG,1,578,,,,,2,110
ZHI MING ZHANG,1,578,,,,,1,310
ZHIWU CHEN,2,187,,,,,3,35
ZHONGQUAN ZHOU,0,1039,,,,,1,310
ZISIMOS KOUSTAS,1,578,,,,,1,310
ZOLTAN J ACS,1,578,,,,,1,310
ZSUZSANNA FLUCK,0,1039,,,,,2,110
ZVI ECKSTEIN,1,578,,,,,1,310
